가요,이루어질 수 없는 사랑,너의 침묵에 메마른 나의 입술,C,"너의 침묵에 메마른 나의 입술
차가운 네 눈길에 얼어붙은 내 발자욱
돌아서는 나에게 사랑한단 말 대신에
안녕 안녕 목메인 그 한마디
이루어질 수 없는 사랑이었기에

밤새워 하얀 길을 나홀로 걸었었다
부드러운 네 모습은 지금은 어디에
가랑비야 내 얼굴을 더 세게 때려다오
슬픈 내 눈물이 감춰질 수 있도록
이루어질 수 없는 사랑이었기에

미워하며 돌아선 너를 기다리며
쌓았다가 부수고 또 쌓은 너의 성
부서지는 파도가 삼켜버린 그 한마디
정말 정말 너를 사랑했었다고
이루어질 수 없는 사랑이었기에"
가요,이름 모를 소녀,버들잎 따다가 연못 위에 띄워 놓고,C G Am F,"버들잎 따다가 연못 위에 띄워 놓고
쓸쓸히 바라보는 이름 모를 소녀
밤은 깊어 가고 산새들은 잠들어
아무도 찾지 않는 조그만 연못 속에
달빛 젖은 금빛 물결 바람에 이누나
출렁이는 물결 속에 마음을 달래려고
말없이 기다리다 쓸쓸히 돌아서서
안개 속에 떠나가는 이름 모를 소녀

밤은 깊어 가고 산새들은 잠들어
아무도 찾지 않는 조그만 연못 속에
달빛 젖은 금빛 물결 바람에 이누나
출렁이는 물결 속에 마음을 달래려고
말없이 기다리다 쓸쓸히 돌아서서
안개 속에 떠나가는 이름 모를 소녀"
가요,이사가던날,이사가던날 옆집아이 돌이는 각시되어 놀던 나를,C G Am F,"이사 가던 날 뒷집 아이 돌이는
각시되어 놀던 나와 헤어지기 싫어서
장독 뒤에 숨어서 하루를 울었고
탱자나무 꽃잎만 흔들었다네

지나버린 어린 시절 그 어릴 적 추억은
탱자나무 울타리에 피어오른다

이사 가던 날 뒷집 아이 돌이는
각시되어 놀던 나와 헤어지기 싫어서
지나버린 어린 시절 그 어릴 적 추억은
탱자나무 울타리에 피어오른다

이사 가던 날 뒷집 아이 돌이는
각시되어 놀던 나와 헤어지기 싫어서
헤어지기 싫어서 헤어지기 싫어서"
가요,인어 이야기,노을빛이 물드는 바닷가에서 금빛머리 쓰다듬던,Dm,"노을빛이 물드는 바닷가에서
금빛 머리 쓰다듬던 어떤 소녀가
울먹이는 가슴을 물에 던지며
그리운 그 사람을 기다리다가
인어가 되었다네 꿈이 변하여
인어가 되었다는 슬픈 이야기

바람 따라 철썩이는 물결 소리에
타버린 고운 꿈은 재가 되어도
마음은 그 바다를 떠나지 않고
영원히 누군가를 기다리면서
인어가 되었다네 꿈이 변하여
인어가 되었다는 슬픈 이야기

인어가 되었다네 꿈이 변하여
인어가 되었다는 슬픈 이야기"
가요,일기,물소리 까만밤 반닷물 무리 그날이 생각나,C,"물소리 까만 밤 반딧불 무리
그날이 생각나 눈감아 버렸다
검은 머리 아침 이슬 흠뻑 받으며
아스라이 멀 때까지 달려가던 사람
나도 같이 따라가면 안 될 길인가
나도 같이 따라가면 안 되나
오늘 밤 일기에는 이렇게 쓴다
아직도 그 아침이 밉기만 하다고

은하수 한편에 그려지는 얼굴
차라리 잊으려 눈감아 버렸다
싸늘한 새벽바람 흔들리는 잎새들
그 사람 가는 길에 대신해준 손짓처럼
나도 같이 따라가면 안 될 길인가
나도 같이 따라가면 안 되나
오늘 밤 일기에는 이렇게 쓴다
아직도 그 아침이 밉기만 하다고"
가요,잃어버린 우산,안개비가 하얗게 내리던 밤 그대 사는 작은 섬으로,Am,"안개비가 하얗게 내리던 밤
그대 사는 작은 섬으로 나를 이끌던 날부터
그대 내겐 단 하나 우산이 되었지만
지금 빗속으로 걸어가는 나는 우산이 없어요

이젠 지나버린 이야기들이 내겐 꿈결 같지만
하얀 종이 위에 그릴 수 있는 작은 사랑이어라
잊혀져 간 그날의 기억들은
지금 빗속으로 걸어가는 내겐 우산이 되리라

이젠 지나버린 이야기들이 내겐 꿈결 같지만
하얀 종이 위에 그릴 수 있는 작은 사랑이어라
잊혀져 간 그날의 기억들은
지금 빗속으로 걸어가는 내겐 우산이 되리라"
가요,잊혀진 계절,지금도 기억하고 있어요 시월의 마지막 밤을,C G Am F,"지금도 기억하고 있어요
시월의 마지막 밤을
뜻모를 이야기만 남긴 채
우리는 헤어졌지요

그날의 쓸쓸했던 표정이
그대의 진실인가요
한마디 변명도 못하고
잊혀져야 하는 건가요

언제나 돌아오는 계절은
나에게 꿈을 주지만
이룰 수 없는 꿈은 슬퍼요
나를 울려요"
가요,작은 연못,깊은산 오솔길옆 자그마한 연못에,C,"깊은 산 오솔길 옆 자그마한 연못엔
지금은 더러운 물만 고이고 아무것도 살지 않지만
먼 옛날 이 연못엔 예쁜 붕어 두 마리
살고 있었다고 전해지지요 깊은 산 작은 연못

어느 맑은 여름날 연못 속에 붕어 두 마리
서로 싸워 한 마리는 물 위에 떠오르고
그놈 살이 썩어 들어가 물도 따라 썩어 들어가
연못 속에선 아무것도 살 수 없게 되었죠

깊은 산 오솔길 옆 자그마한 연못엔
지금은 더러운 물만 고이고 아무것도 살지 않죠

푸르던 나뭇잎이 한 잎 두 잎 떨어져
연못 위에 작은 배 띄우다가 깊은 속에 가라앉으면
집 잃은 꽃사슴이 산속을 헤매다가
연못을 찾아와 물을 마시고 살며시 잠들게 되죠

해는 서산에 지고 저녁 산은 고요한데
산허리로 무당벌레 하나 휘익 지나간 후에
검은 물만 고인 채 한없는 세월 속을
말없이 몸짓으로 헤매다 수많은 계절을 맞죠

깊은 산 오솔길 옆 자그마한 연못엔
지금은 더러운 물만 고이고 아무것도 살지 않죠"
가요,작은새,고요한 밤하늘에 작은 구름 하나가,Am,"고요한 밤하늘에 작은 구름 하나가
바람결에 흐르다 머무는 그곳에는
길 잃은 새 한 마리 집을 찾는다

세상은 밝아오고 달마저 기우는데
수만리 먼 하늘을 날아가려나
가엾은 작은 새는 남쪽 하늘로
그리운 집을 찾아 날아만 간다

(후렴)
뚜뚜루뚜루 뚜루루 뚜뚜루뚜루 뚜루루
뚜뚜루뚜루 뚜루루 뚜뚜루뚜루 뚜루루

세상은 밝아오고 달마저 기우는데
수만리 먼 하늘을 날아가려나
가엾은 작은 새는 남쪽 하늘로
그리운 집을 찾아 날아만 간다"
가요,장미,당신에게선 꽃내음이 나네요,C,"당신에게선 꽃내음이 나네요
잠자는 나를 깨우고 가네요
싱그런 잎사귀 돋아난 가시처럼
어쩌면 당신은 장미를 닮았네요

당신의 모습이 장미꽃 같아
당신을 부를 때 당신을 부를 때
장미라고 할래요

당신에게선 꽃내음이 나네요
잠 못 이룬 나를 재우고 가네요
어여쁜 꽃송이 가슴에 꽂으면
동화 속 왕자가 부럽지 않아요

당신의 모습이 장미꽃 같아
당신을 부를 때 당신을 부를 때
장미라고 할래요

당신에게선 꽃내음이 나네요
잠자는 나를 깨우고 가네요
싱그런 잎사귀 돋아난 가시처럼
어쩌면 당신은 장미를 닮았네요
어쩌면 당신은 장미를 닮았네요
어쩌면 당신은 장미를 닮았네요"
가요,저 별과 달을,어두운 밤 구름위에 저 달이 뜨면 괜시리 날 찾아와,C,"어두운 밤 구름 위에 저 달이 뜨면
괜시리 날 찾아와 울리고 가네
그 누가 만들었나 저 별과 달을
고요한 밤이 되면 살며시 찾아와
님 그리워 하는 맘 알아나 주는 듯이
하늘나라 저 멀리서 나를 오라 반짝이네

어두운 밤 구름 위에 저 달이 뜨면
괜시리 날 찾아와 울리고 가네
그 누가 만들었나 저 별과 달을
고요한 밤이 되면 살며시 찾아와
님 그리워 하는 맘 알아나 주는 듯이
하늘나라 저 멀리서 나를 오라 반짝이네
나를 오라 반짝이네
나를 오라 반짝이네"
가요,젊었다,외롭던 사람아 너와나는 눈물을 보이지 말자,D A7,"외롭던 사람아 너와 나는 눈물을 보이지 말자
비바람 치던 날 너와 나는 뜨겁게 두 손을 잡았다
그대여 그대여 가진 것 없는 우리들
그러나 젊었다 너와 나는 태양처럼 젊었다"
가요,젊은 태양,햇빛쏟는 거리에선 그대 그대 고독을 느껴보았나,Am,"햇빛 쏟는 거리에선 그대 그대 고독을 느껴보았나
그대 그대 우리는 너나없는 이방인 왜 서로를 사랑하지 않나
햇빛 쏟는 하늘보며 웃자 웃자 외로움 떨쳐버리고
웃자 웃자 우리는 너나없는 나그네 왜 서로를 사랑하지 않나

종소리 바람소리 고이고이 잠들던 날
먼 하늘에 저 태양이 웃는다

햇빛 쏟는 거리에선 그대 그대 고독을 느껴보았나
그대 그대 우리는 너나없는 나그네 왜 서로를 사랑하지 않나

모진 바람 거센 파도 가슴 속에 몰아쳐도
먼 하늘에 저 태양이 웃는다

햇빛 쏟는 거리에선 그대 그대 고독을 느껴보았나
그대 그대 우리는 너나없는 이방인 왜 서로를 사랑하지 않나
햇빛 쏟는 하늘보며 웃자 웃자 외로움 떨쳐버리고
웃자 웃자 우리는 너나없는 나그네 왜 서로를 사랑하지 않나
왜 서로를 사랑하지 않나 왜 서로를 사랑하지 않나"
가요,젊음아,강물이 흘러가는 곳에 희망이 흐르고,C,"강물이 흘러가는 곳에 희망이 흐르고
바람이 불어오는 곳에 사랑이 흐르네
젊음아 젊음아 나의 젊음아
영원히 변치말자 나의 젊음아"
가요,조개껍질 묶어,조개껍질묶어 그녀의 목에 걸고,D G A7,"조개껍질 묶어 그녀의 목에 걸고
불가에 마주 앉아 밤새 속삭이네
저 멀리 달그림자 시원한 파도소리
여름 밤은 깊어만 가고 잠은 오지 않네

(후렴)
랄랄 랄랄랄라 랄라랄 라랄랄라
랄랄 라랄랄 랄랄 랄랄 랄랄 라랄랄라

아침이 늦어져서 모두들 배고파도
함께 웃어가며 식사를 기다리네
반찬은 한두가지 집 생각 나지만은
시큼한 김치만 있어 주어도 내게는 진수성찬

(후렴)

밥이 새까맣게 타버려 못먹어도
모기가 밤새 물어도 모두들 웃는 얼굴
암만 생각해도 집에는 가야할텐데
바다가 좋고 그녀가 있는데 어쩔 수가 없네

(후렴)"
가요,조용한 여자,어젯밤 꿈속에서 보랏빛 새 한 마리를,Am Dm G E,"어젯밤 꿈속에서 보랏빛 새 한 마리를
밤이 새도록 쫓아 헤매다 잠에서 깨어났다오
나는 괴롭힐 사람 없는 조용한 여자
나는 괴롭힐 사람 없는 깔끔한 여자랍니다

봄이 되어서 꽃이 피니 갈 곳이 있어야지요
여름이 와도 바캉스 한번 가자는 사람이 없네요
나는 괴롭힐 사람 없는 조용한 여자
나는 괴롭힐 사람 없는 얌전한 여자랍니다

스물한 번 지나간 생일날 선물 한번 못 받았구요
그 흔한 크리스마스 파티 한번 구경 못했다오
나는 괴롭힐 사람 없는 조용한 여자
나는 괴롭힐 사람 없는 말쑥한 숙녀랍니다

나는 소녀가 아니고 여인 또한 아직은 아니지만
장발단속엔 안 걸리니 여자는 분명 여자지요
나는 괴롭힐 사람 없는 조용한 여자
나는 괴롭힐 사람 없는 조용한 여자랍니다"
가요,즐거운 나의 집,즐거운 곳에서는 날 오라 하여도,C G F G7,"즐거운 곳에서는 날 오라 하여도
내 쉴 곳은 작은 집 내 집뿐이리
내 나라 내 기쁨 길이 쉴 곳도
꽃피고 새우는 집 내 집뿐이리
오 사랑 나의 집 즐거운 나의 벗 내 집뿐이리

고요한 밤 달빛도 창 앞에 흐르면
내 푸른 꿈길도 내 잊지 못하리
저 맑은 바람아 가을이 어디뇨
벌레 우는 곳에 아기 별 눈 뜨네
오 사랑 나의 집 즐거운 나의 벗 내 집뿐이리"
가요,진주조개 잡이,새파란 수평선 흰구름 흐르는 오늘도 즐거워라 ,A E7,"새파란 수평선 흰구름 흐르는
오늘도 즐거워라 조개잡이 가는 처녀들
흥겨운 젊은 날의 콧노래로 발을 맞추며
부푸는 가슴마다 꿈을 담고 파도를 넘어

새파란 수평선 흰구름 흐르는
오늘도 즐거워라 조개잡이 가는 처녀들

흥겨운 젊은 날의 콧노래로 발을 맞추며
부푸는 가슴마다 꿈을 담고 파도를 넘어
새파란 수평선 흰구름 흐르는
오늘도 즐거워라 조개잡이 가는 처녀들
조개잡이 가는 처녀들"
가요,짝사랑,왜 그런지 가슴이 두근거려요 그녀만 보면,G D7 C,"왜 그런지 가슴이 두근거려요
그녀만 보면 그이만 보면
설레이는 마음을 달랠 길 없어
짝사랑하고 있나 봐요

반짝이는 별을 보고 둘이 앉아서
불타는 내 마음을 전하고 싶어

왜 그런지 가슴이 두근거려요
그녀만 보면 그이만 보면
설레이는 마음을 달랠 길 없어
짝사랑하고 있나 봐요"
가요,찬비,거리에 찬바람 불어 오더니,C,"거리에 찬바람 불어오더니
한 잎 두 잎 낙엽이 지고
내 사랑 먼 길 떠난다기에
가라 가라 아주 가라 했네

갈 사람 가야지 잊을 건 잊어야지
찬비야 내려라 밤을 새워 내려라
그래도 너만은 잊을 수 없다
너무너무 사랑했었다

갈 사람 가야지 잊을 건 잊어야지
찬비야 내려라 밤을 새워 내려라
그래도 너만은 잊을 수 없다
너무너무 사랑했었다"
가요,참새와 허수아비,나는 나는 외로운 지푸라기 허수아비,Am,"나는 나는 외로운 지푸라기 허수아비
너는 너는 슬픔도 모르는 노란 참새
들판에 곡식이 익을 때면 날 찾아 날아온 널
보내야만 해야 할 슬픈 나의 운명

훠이 훠이 가거라 산 넘어 멀리 멀리
보내는 나의 심정 내 님은 아시겠지
석양에 노을이 물들고 들판에 곡식이 익을 때면
노오란 참새는 날 찾아와 주겠지

훠이 훠이 가거라 산 넘어 멀리 멀리
보내는 나의 심정 내 님은 아시겠지
내 님은 아시겠지"
가요,찻잔,너무 진하지 않은 향기를 담고,Em Am G B7,"너무 진하지 않은 향기를 담고
진한 갈색 탁자에 다소곳이
말을 건네기도 어색하게
너는 너무도 조용히 지키고 있구나

너를 만지면 손끝이 따뜻해
온몸에 너의 열기가 퍼져
소리 없는 정이 내게로 흐른다

너무 진하지 않은 향기를 담고
진한 갈색 탁자에 다소곳이
말을 건네기도 어색하게
너는 너무도 조용히 지키고 있구나

너를 만지면 손끝이 따뜻해
온몸에 너의 열기가 퍼져
소리 없는 정이 내게로 흐른다

너를 만지면 손끝이 따뜻해
온몸에 너의 열기가 퍼져
소리 없는 정이 내게로 흐른다

너무 진하지 않은 향기를 담고
진한 갈색 탁자에 다소곳이
말을 건네기도 어색하게
너는 너무도 조용히 지키고 있구나

너를 만지면 손끝이 따뜻해
온몸에 너의 열기가 퍼져
소리 없는 정이 내게로 흐른다"
가요,창문너머 어렴풋이,창문 너머 어렴풋이 옛 생각이 나겠지요,C G Am F,"그런 슬픈 눈으로 나를 보지 말아요
가버린 날들이지만 잊혀지진 않을 거예요
오늘처럼 비가 내리면은
창문 너머 어렴풋이 옛 생각이 나겠지요

그런 슬픈 눈으로 나를 보지 말아요
가버린 날들이지만 잊혀지진 않을 거예요
생각나면 들러봐요 조그만 길모퉁이 찻집
아직도 흘러나오는 노래는 옛 향기겠지요

그런 슬픈 눈으로 나를 보지 말아요
가버린 날들이지만 잊혀지진 않을 거예요
생각나면 들러봐요 조그만 길모퉁이 찻집
아직도 흘러나오는 노래는 옛 향기겠지요

그런 슬픈 눈으로 나를 보지 말아요
가버린 날들이지만 잊혀지진 않을 거예요
잊혀지진 않을 거예요"
가요,철지난 바닷가,철 지난 바닷가를 혼자 걷는다,G D Em Am,"철지난 바닷가를 혼자 걷는다
달빛은 모래 위에 가득하고
불어오는 바람은 싱그러운데
어깨 위에 쌓이는 것은 외로움뿐인가

아- 가버린 사람아
아- 잊혀진 여인아
파도는 소리 내어 나를 부르는데
나는 갈 곳 몰라 혼자 서 있네

철지난 바닷가를 혼자 걷는다
달빛은 모래 위에 가득하고
불어오는 바람은 싱그러운데
어깨 위에 쌓이는 것은 외로움뿐인가"
가요,청실홍실,청실홍실 엮어서 정성을 들여,C G Am Dm,"청실홍실 엮어서 정성을 드려
청실홍실 엮어서 무늬도 곱게
티 없는 마음속에 나만이 아는
음~ 음~ 수를 놓았소

인생살이 끝없는 나그네 길에
인생살이 끝없는 회오리바람
불어도 순정만은 목숨을 바쳐
음~ 음~ 간직했다오

청실홍실 수놓고 샛별 우러러
청실홍실 수놓고 두 손을 모아
다시는 울지 말자 굳세게 살자
음~ 음~ 맹세한다오"
가요,최진사댁 셋째딸,건너마을에 최진사댁에 딸이 셋 있는데,G D Am C,"건너 마을에 최진사댁에 딸이 셋 있는데
그중에서도 셋째 따님이 제일 예쁘다던데
아따 그 양반 호랑이라고 소문이 나서
먹쇠도 얼굴 한번 밤쇠도 얼굴 한번 못 봤다나요
그렇다면 내가 최진사 만나 뵙고 넙죽 절하고
아랫마을 사는 칠복이 놈이라고 말씀드리고 나서
염치 없지만 셋째 따님을 사랑하오니
사윗감 없으시면 이 몸이 어떠냐고 졸라봐야지

다음날 아침 용기를 내서 뛰어갔더니만
먹쇠란 놈이 눈물 흘리면서 엉금엉금 기면서
아침 일찍이 최진사댁에 문을 두드리니
얘기도 꺼내기 전 볼기만 맞았다고 넋두리하네
그렇지만 나는 대문을 활짝 열고 뛰어 들어가
요즘 보기 드문 사윗감 왔노라고 말씀드리고 나서
육간대청에 무릎 꿇고서 머릴 조아리니
최진사 호탕하게 껄껄껄 웃으시며 좋아하셨네

웃는 소리에 깜짝 놀라서 고갤 들어보니
최진사 양반 보이지 않고 구경꾼만 모였네
아차 이제는 틀렸구나고 일어서려니까
셋째 딸 사뿐사뿐 내게로 걸어와서 절을 하네요
얼씨구나 좋다 지화자 좋을시고 땡이로구나
천하의 호랑이 최진사 사위 되고 예쁜 색시 얻으니
먹쇠란 놈도 밤쇠란 놈도 나를 보면은
일곱 개 복 중에서 한 개가 맞았다고 놀려대겠지
놀려대겠지 놀려대겠지"
가요,축제의 노래,달무리 지는 창문을 열면,G D C Em,"달무리 지는 창문을 열면 싱그런 바람
꽃내음 속에 춤추는 여인 아름다워라
황홀한 달빛 꿈에 잠기면 다시 또 보이네 축제의 밤

축제의 노래 함께 부르던 즐거운 날에
스치듯 만나 잊을 수 없던 그리운 여인
가버린 여인 눈에 어리면 다시 또 보이네 축제의 밤

언제나 다시 오나 그리운 축제의 그 밤
금물결 달빛 속에 춤추던 그리운 여인
사모한 마음 서글픈 정은 가실 줄 모르네 그리워서

가버린 여인 눈에 어리면 다시 또 보이네 축제의 밤
언제나 다시 오나 그리운 축제의 그 밤
금물결 달빛 속에 춤추던 그리운 여인
사모한 마음 서글픈 정은 가실 줄 모르네 그리워서"
가요,친구 ,검푸른 바닷가에 비가 내리면,C,,
가요,타박네,타박타박 타박네야 너 어드메 울고가니,C,"타박 타박 타박네야 너 어드메 울고 가니
우리 엄마 무덤가에 젖 먹으러 찾아간다
물이 깊어서 못 간단다 물 깊으면 헤엄치지
산이 높아서 못 간단다 산 높으면 기어가지

명태 줄까 명태 싫다 가지 줄까 가지 싫다
우리 엄마 젖을 다오 우리 엄마 젖을 다오

우리 엄마 무덤가에 기어기어 와서 보니
빛깔 곱고 탐스러운 개똥참외 열렸길래
두 손으로 따서 들고 정신없이 먹어보니
우리 엄마 살아생전 내게 주던 젖맛일세

명태 줄까 명태 싫다 가지 줄까 가지 싫다
우리 엄마 젖을 다오 우리 엄마 젖을 다오
우리 엄마 젖을 다오"
가요,터질거예요,내가 전에 말했잖아요,F C Gm,"내가 전에 말했잖아요 당신을 사랑한다고
당신은 모르실 거예요 얼마나 내가 당신을 사랑하는 줄
터질 거예요 내 가슴은 당신이 내 곁을 떠나면
나는 그대 못 잊어하며 날마다 생각날 거야

꿈길에도 당신 모습은 언제나 떠나지 않아요
당신만을 생각했어요 얼마나 내가 당신을 사랑한다고
터질 거예요 내 가슴은 당신이 내 곁을 떠나면
나는 그대 못 잊어하며 날마다 생각날 거야

터질 거예요 내 가슴은 당신이 내 곁을 떠나면
나는 그대 못 잊어하며 날마다 생각날 거야"
가요,편지,말없이 건네주고 달아난 차가운 손,G,"말없이 건네주고 달아난 차가운 손
가슴속 울려주는 눈물 젖은 편지
하얀 종이 위에 곱게 써 내려간
너의 진실 알아내곤 난 그만 울어버렸네

멍 뚫린 내 가슴에 서러움이 물 흐르면
떠나버린 너에게 사랑 노래 보낸다

말없이 건네주고 달아난 차가운 손
가슴속 울려주는 눈물 젖은 편지
하얀 종이 위에 곱게 써 내려간
너의 진실 알아내곤 난 그만 울어버렸네

멍 뚫린 내 가슴에 서러움이 물 흐르면
떠나버린 너에게 사랑 노래 보낸다"
가요,하늘색 꿈,아침 햇살에 놀란 아이 눈을 보아요,Em Bm7 C D Em Bm,"아침햇살에 놀란 아이 눈을 보아요
파란 가을 하늘이 그 눈 속에 있어요
애처로운 듯 노는 아이들의 눈에선
거짓이 새긴 눈물은 아마 흐르지 않을 거야

세상사에 시달려가며 자꾸 흐려지는 내 눈을 보면
이미 지나버린 나의 어린 시절 꿈이 생각나
난 어른이 되어도 하늘빛 고운 눈망울
간직하리라던 나의 꿈 어린 꿈이 생각나네"
가요,하얀 나비,음 생각을 말아요 지 나간 일들은,G Am C G Am,"음 생각을 말아요 지나간 일들은
음 그리워 말아요 떠나갈 님인데
꽃잎은 시들어요 슬퍼하지 말아요
때가 되면 다시 필 걸 서러워 말아요

음 어디로 갔을까 길 잃은 나그네는
음 어디로 갈까요 님 찾는 하얀 나비
꽃잎은 시들어요 슬퍼하지 말아요
때가 되면 다시 필 걸 서러워 말아요"
가요,하얀 손수건,헤어지자 보내온 그녀의 편지속에,G,"헤어지자 보내온 그녀의 편지 속에
곱게 접어 함께 부친 하얀 손수건
고향을 떠나올 때 언덕에 홀로 서서
눈물로 흔들어주던 하얀 손수건
그때의 눈물 자욱 사라져 버리고
흐르는 내 눈물이 그 위를 적시네

헤어지자 보내온 그녀의 편지 속에
곱게 접어 함께 부친 하얀 손수건
고향을 떠나올 때 언덕에 홀로 서서
눈물로 흔들어주던 하얀 손수건
그때의 눈물 자욱 사라져 버리고
흐르는 내 눈물이 그 위를 적시네"
가요,하얀 조가비,고동을 불어 본다 하아얀 조가비,Am E7 Am E7 Am Dm E7,"고동을 불어본다 하얀 조가비
먼 바닷물 소리가 다시 그리워
노을진 수평선에 돛단배 하나
루루루 하얀 조가비 꽃빛 물든다

귓가에 대어본다 하얀 조가비
옛 친구 노랫소리 다시 그리워
황혼의 모래밭에 그림자 한 쌍
루루루 하얀 조가비 꿈에 잠긴다

루루루 하얀 조가비 꽃빛 물든다
꽃빛 물든다"
가요,한번쯤,한번쯤 말을 걸겠지. 언제쯤일까 언제쯤일까,Dm A7 Gm,"한번쯤 말을 걸겠지 언제쯤일까 언제쯤일까
떨리는 목소리로 말을 붙여오겠지
시간은 자꾸 가는데 집에는 다가오는데
왜 이렇게 망설일까 나는 기다리는데

뒤돌아보고 싶지만 손짓도 하고 싶지만
조금만 더 조금만 더 기다려봐야지

한번쯤 돌아서겠지 언제쯤일까 언제쯤일까
겁먹은 얼굴로 뒤를 돌아보겠지
시간은 자꾸 가는데 집에는 다 왔을텐데
왜 이렇게 앞만 보며 나의 애를 태우나

말 한번 붙였으면 손 한번 잡았으면
조금만 더 조금만 더 천천히 걸었으면
천천히 걸었으면 천천히 걸었으면"
가요,해변으로 가요,별이 쏟아지는 해변으로가요,Am C Am C F E7 Am G Am,"별이 쏟아지는 해변으로 가요 (해변으로 가요)
젊음이 넘치는 해변으로 가요 (해변으로 가요)
달콤한 사랑을 속삭여줘요
연인들의 해변으로 가요 (해변으로 가요)

사랑한다는 말은 안 해도 (말은 안 해도)
나는 나는 행복에 묻힐 거예요
불타는 그 입술 처음으로 느꼈네
사랑의 발자국 끝없이 남기며

별이 쏟아지는 해변으로 가요 (해변으로 가요)
젊음이 넘치는 해변으로 가요 (해변으로 가요)
달콤한 사랑을 속삭여줘요
연인들의 해변으로 가요 (해변으로 가요)"
가요,행복을 주는 사람,내가 가는 길이 험하고 멀지라도 그대 함께 가면 좋겠네,Cm7 Gm7,"내가 가는 길이 험하고 멀지라도
그대 함께 간다면 좋겠네
우리 가는 길에 아침 햇살 비치면
행복하다고 말해주겠네

이리저리 둘러봐도 제일 좋은 건
그대와 함께 있는 것
그대 내게 행복을 주는 사람
내가 가는 길이 험하고 멀지라도
그대 내게 행복을 주는 사람

때론 지루하고 외로운 길이라도
그대 함께 간다면 좋겠네
때론 즐거움에 웃음 짓는 나날이어서
행복하다고 말해주겠네

이리저리 둘러봐도 제일 좋은 건
그대와 함께 있는 것
그대 내게 행복을 주는 사람
내가 가는 길이 험하고 멀지라도
그대 내게 행복을 주는 사람

이리저리 둘러봐도 제일 좋은 건
그대와 함께 있는 것
그대 내게 행복을 주는 사람
내가 가는 길이 험하고 멀지라도
그대 내게 행복을 주는 사람"
가요,행복의 나라로,장막을 걷어라 너의 좁은 눈으로 이세상을 떠 보자',C,"장막을 걷어라 나의 좁은 눈으로 이 세상을 더 보자
창문을 열어라 춤추는 산들바람을 한번 또 느껴보자
가벼운 풀밭 위로 나를 걷게 해주세
봄과 새들의 소리 듣고 싶소 울고 웃고 싶소
내 마음을 만져 줘 나는 행복의 나라로 갈 테야

접어드는 초저녁 누워 공상에 들어 생각에 도취했소
벽의 작은 창가로 흘러드는 산뜻한 노는 아이들 소리
아 나는 살겠소 태양만 비친다면
밤과 하늘과 바람 안에서 비와 천둥의 소리
이겨 춤을 추겠네 나는 행복의 나라로 갈 테야

고개 숙인 그대여 눈을 떠 보세 귀도 또 기울이세
아침에 일어나면 자신 찾을 수 없이
밤과 낮 구별 없이 고개 들고서
손에 손을 잡고서 청춘과 유혹의 뒷장 넘기며
광야는 넓어요 하늘은 또 푸러요
다들 행복의 나라로 갑시다"
가요,화 ,너와 맹세한 반지보며,Am G F E7 Am G F E7,"너와 맹세한 반지 보며
반지같이 동그란 너의 얼굴 그리며
오늘도 젖은 짚단 태우듯 또 하루를 보냈다
오늘도 젖은 짚단 태우듯
너와 맹세한 반지보며
반지같이 동그란 너의 얼굴 그리며
오늘도 애태우며 또 너를 생각했다
오늘도 애태우며
이대로 헤어질 수 없다
화가 이세상 끝에 있다면
끝까지 따르리
그래도 안되면 화 안된다 떠나지마
너와 맹세한 반지보며
반지같이 동그란 너의 얼굴 그리며
오늘도 젖은 짚단 태우듯 또 하루를 보냈다
오늘도 젖은 짚단 태우듯
*이대로 이별일순 없다
화가 이 세상 끝에 있다면
끝까지 따르리
그래도 안되면 화 안된다 떠나지마
",
